Ahvenanmaa;Brändö;Eckerö;Finström;Föglö;Geta;Hammarland;Jomala;Kumlinge;Kökar;Lemland;Lumparland;Mariehamn;Saltvik;Sottunga;Sund;Vårdö;;;;;;;;;;;;;;;;
Etelä-Karjala;Imatra;Lappeenranta;Lemi;Luumäki;Parikkala;Rautjärvi;Ruokolahti;Savitaipale;Suomenniemi;Taipalsaari;;;;;;;;;;;;;;;;;;;;;;
Etelä-Pohjanmaa;Alajärvi;Alavus;Evijärvi;Ilmajoki;Isojoki;Jalasjärvi;Karijoki;Kauhajoki;Kauhava;Kuortane;Kurikka;Lappajärvi;Lapua;Seinäjoki;Soini;Teuva;Töysä;Vimpeli;Ähtäri;;;;;;;;;;;;;
Etelä-Savo;Enonkoski;Heinävesi;Hirvensalmi;Joroinen;Juva;Kangasniemi;Kerimäki;Mikkeli;Mäntyharju;Pertunmaa;Pieksämäki;Punkaharju;Puumala;Rantasalmi;Ristiina;Savonlinna;Sulkava;;;;;;;;;;;;;;;
Kainuu;Hyrynsalmi;Kajaani;Kuhmo;Paltamo;Puolanka;Ristijärvi;Sotkamo;Suomussalmi;Vaala;;;;;;;;;;;;;;;;;;;;;;;
Kanta-Häme;Forssa;Hattula;Hausjärvi;Humppila;Hämeenlinna;Janakkala;Jokioinen;Loppi;Riihimäki;Tammela;Ypäjä;;;;;;;;;;;;;;;;;;;;;
Keski-Pohjanmaa;Halsua;Kannus;Kaustinen;Kinnula;Kokkola;Lestijärvi;Perho;Sievi;Toholampi;Veteli;Reisjärvi;;;;;;;;;;;;;;;;;;;;;
Keski-Suomi;Hankasalmi;Joutsa;Jyväskylä;Jämsä;Kannonkoski;Karstula;Keuruu;Kivijärvi;Konnevesi;Kuhmoinen;Kyyjärvi;Laukaa;Luhanka;Multia;Muurame;Petäjävesi;Pihtipudas;Saarijärvi;Toivakka;Uurainen;Viitasaari;Äänekoski;;;;;;;;;;
Kymenlaakso;Hamina;Iitti;Kotka;Kouvola;Miehikkälä;Pyhtää;Virolahti;;;;;;;;;;;;;;;;;;;;;;;;;
Lappi;Enontekiö;Inari;Kemi;Kemijärvi;Keminmaa;Kittilä;Kolari;Muonio;Pelkosenniemi;Pello;Posio;Ranua;Rovaniemi;Salla;Savukoski;Simo;Sodankylä;Tervola;Tornio;Utsjoki;Ylitornio;;;;;;;;;;;
Pirkanmaa;Akaa;Hämeenkyrö;Ikaalinen;Juupajoki;Kangasala;Kihniö;Lempäälä;Mänttä-Vilppula;Nokia;Orivesi;Parkano;Pirkkala;Punkalaidun;Pälkäne;Ruovesi;Sastamala;Tampere;Urjala;Valkeakoski;Vesilahti;Virrat;Ylöjärvi;;;;;;;;;;
Pohjanmaa;Isokyrö;Kaskinen;Korsnäs;Kristiinankaupunki;Kruunupyy;Laihia;Larsmo;Maalahti;Mustasaari;Närpiö;Pedersören kunta;Pietarsaari;Uusikaarlepyy;Vaasa;Vähäkyrö;Vöyri;;;;;;;;;;;;;;;;
Pohjois-Karjala;Ilomantsi;Joensuu;Juuka;Kesälahti;Kitee;Kontiolahti;Lieksa;Liperi;Nurmes;Outokumpu;Polvijärvi;Rääkkylä;Tohmajärvi;Valtimo;;;;;;;;;;;;;;;;;;
Pohjois-Pohjanmaa;Alavieska;Haapajärvi;Haapavesi;Hailuoto;Haukipudas;Ii;Kalajoki;Kempele;Kiiminki;Kuusamo;Kärsämäki;Liminka;Lumijoki;Merijärvi;Muhos;Nivala;Oulainen;Oulu;Oulunsalo;Pudasjärvi;Pyhäjoki;Pyhäjärvi;Pyhäntä;Raahe;Siikajoki;Siikalatva;Taivalkoski;Tyrnävä;Utajärvi;Vihanti;Yli-Ii;Ylivieska
Pohjois-Savo;Iisalmi;Juankoski;Kaavi;Keitele;Kiuruvesi;Kuopio;Lapinlahti;Leppävirta;Maaninka;Nilsiä;Pielavesi;Rautalampi;Rautavaara;Siilinjärvi;Sonkajärvi;Suonenjoki;Tervo;Tuusniemi;Varkaus;Vesanto;Vieremä;;;;;;;;;;;
Päijät-Häme;Asikkala;Hartola;Heinola;Hollola;Hämeenkoski;Kärkölä;Lahti;Nastola;Orimattila;Padasjoki;Sysmä;;;;;;;;;;;;;;;;;;;;;
Satakunta;Eura;Eurajoki;Harjavalta;Honkajoki;Huittinen;Jämijärvi;Kankaanpää;Karvia;Kiikoinen;Kokemäki;Köyliö;Lavia;Luvia;Merikarvia;Nakkila;Pomarkku;Pori;Rauma;Siikainen;Säkylä;Ulvila;;;;;;;;;;;
Uusimaa;Askola;Espoo;Hanko;Helsinki;Hyvinkää;Inkoo;Järvenpää;Karjalohja;Karkkila;Kauniainen;Kerava;Kirkkonummi;Lapinjärvi;Lohja;Loviisa;Myrskylä;Mäntsälä;Nummi-Pusula;Nurmijärvi;Pornainen;Porvoo;Pukkila;Raasepori;Sipoo;Siuntio;Tuusula;Vantaa;Vihti;;;;
Varsinais-Suomi;Aura;Kaarina;Kemiönsaari;Koski Tl;Kustavi;Laitila;Lieto;Loimaa;Länsi-Turunmaa;Marttila;Masku;Mynämäki;Naantali;Nousiainen;Oripää;Paimio;Pyhäranta;Pöytyä;Raisio;Rusko;Salo;Sauvo;Somero;Taivassalo;Tarvasjoki;Turku;Uusikaupunki;Vehmaa;;;;
